{"cameraMode":{"drawMode":0,"name":"Shaded","section":"Shading Mode"},"sceneLighting":false,"audioPlay":false,"sceneViewState":{"m_AlwaysRefresh":false,"showFog":true,"showSkybox":false,"showFlares":true,"showImageEffects":true,"showParticleSystems":true,"showVisualEffectGraphs":true,"m_FxEnabled":true},"in2DMode":false,"pivot":{"x":-2.391014575958252,"y":-0.23956716060638429,"z":0.6545966863632202},"rotation":{"x":0.032612986862659457,"y":-0.5752831101417542,"z":0.02296600304543972,"w":0.8169991970062256},"size":1.505981206893921,"orthographic":false}