{"cameraMode":{"drawMode":0,"name":"Shaded","section":"Shading Mode"},"sceneLighting":true,"audioPlay":false,"sceneViewState":{"m_AlwaysRefresh":false,"showFog":true,"showSkybox":true,"showFlares":true,"showImageEffects":true,"showParticleSystems":true,"showVisualEffectGraphs":true,"m_FxEnabled":true},"in2DMode":false,"pivot":{"x":434.83209228515627,"y":90.29942321777344,"z":-161.7574462890625},"rotation":{"x":0.27663305401802065,"y":0.22925248742103578,"z":-0.06813472509384155,"w":0.9307556748390198},"size":249.78610229492188,"orthographic":false}