{"cameraMode":{"drawMode":0,"name":"Shaded","section":"Shading Mode"},"sceneLighting":true,"audioPlay":false,"sceneViewState":{"m_AlwaysRefresh":false,"showFog":true,"showSkybox":true,"showFlares":true,"showImageEffects":true,"showParticleSystems":true,"showVisualEffectGraphs":true,"m_FxEnabled":true},"in2DMode":false,"pivot":{"x":48.113948822021487,"y":-11.894948959350586,"z":210.26858520507813},"rotation":{"x":0.038159340620040897,"y":0.1092025488615036,"z":-0.0041910624131560329,"w":0.9932916760444641},"size":112.86193084716797,"orthographic":false}